{
  "project_info": {
    "project_number": "636557412422",
    "project_id": "restaurant-1771020459",
    "storage_bucket": "restaurant-1771020459.firebasestorage.app"
  },
  "client": [
    {
      "client_info": {
        "mobilesdk_app_id": "1:636557412422:android:babbc5593c8f72ea75a247",
        "android_client_info": {
          "package_name": "com.example.msv1771020459"
        }
      },
      "oauth_client": [],
      "api_key": [
        {
          "current_key": "AIzaSyCA73NWa_oy70qteZaTwqgojS5TCyawz5U"
        }
      ],
      "services": {
        "appinvite_service": {
          "other_platform_oauth_client": []
        }
      }
    }
  ],
  "configuration_version": "1"
}